province,year,subject_type,major,min_score,min_rank,batch,source_file,source_url
河北,2023,历史,法学,607,2072,本科批,hebut_hebei.xlsx,
河北,2024,历史,法学,617,2189,本科批,hebut_hebei.xlsx,
河北,2025,历史,法学,623,2181,本科批,hebut_hebei.xlsx,
河北,2023,历史,思想政治教育,599,2787,本科批,hebut_hebei.xlsx,
河北,2024,历史,思想政治教育,612,2764,本科批,hebut_hebei.xlsx,
河北,2025,历史,思想政治教育,616,3051,本科批,hebut_hebei.xlsx,
河北,2023,历史,汉语国际教育,596,3109,本科批,hebut_hebei.xlsx,
河北,2024,历史,汉语国际教育,609,3124,本科批,hebut_hebei.xlsx,
河北,2025,历史,汉语国际教育,612,3660,本科批,hebut_hebei.xlsx,
河北,2023,历史,公共事业管理,,,本科批,hebut_hebei.xlsx,
河北,2024,历史,公共事业管理,,,本科批,hebut_hebei.xlsx,
河北,2025,历史,公共事业管理,611,3836,本科批,hebut_hebei.xlsx,
河北,2023,历史,英语,590,3808,本科批,hebut_hebei.xlsx,
河北,2024,历史,英语,604,3741,本科批,hebut_hebei.xlsx,
河北,2025,历史,英语,608,4350,本科批,hebut_hebei.xlsx,
河北,2023,历史,日语,576,5790,本科批,hebut_hebei.xlsx,
河北,2024,历史,日语,597,4770,本科批,hebut_hebei.xlsx,
河北,2025,历史,日语,604,5123,本科批,hebut_hebei.xlsx,
河北,2023,历史,法语,580,5192,本科批,hebut_hebei.xlsx,
河北,2024,历史,法语,597,4770,本科批,hebut_hebei.xlsx,
河北,2025,历史,法语,603,5338,本科批,hebut_hebei.xlsx,
河北,2023,物理,电气工程及其自动化（卓越工程师班）,,,本科批,hebut_hebei.xlsx,
河北,2024,物理,电气工程及其自动化（卓越工程师班）,,,本科批,hebut_hebei.xlsx,
河北,2025,物理,电气工程及其自动化（卓越工程师班）,630,9436,本科批,hebut_hebei.xlsx,
河北,2023,物理,电子信息工程（人工智能新工科试点班）,611,11071,本科批,hebut_hebei.xlsx,
河北,2024,物理,电子信息工程（人工智能新工科试点班）,610,11140,本科批,hebut_hebei.xlsx,
河北,2025,物理,电子信息工程（人工智能新工科试点班）,626,11148,本科批,hebut_hebei.xlsx,
河北,2023,物理,电气工程及其自动化,609,11883,本科批,hebut_hebei.xlsx,
河北,2024,物理,电气工程及其自动化,608,12000,本科批,hebut_hebei.xlsx,
河北,2025,物理,电气工程及其自动化,624,12091,本科批,hebut_hebei.xlsx,
河北,2023,物理,电子科学与技术（卓越工程师班）,607,12700,本科批,hebut_hebei.xlsx,
河北,2024,物理,电子科学与技术（卓越工程师班）,606,12898,本科批,hebut_hebei.xlsx,
河北,2025,物理,电子科学与技术（卓越工程师班）,622,13077,本科批,hebut_hebei.xlsx,
河北,2023,物理,计算机科学与技术,608,12287,本科批,hebut_hebei.xlsx,
河北,2024,物理,计算机科学与技术,607,12449,本科批,hebut_hebei.xlsx,
河北,2025,物理,计算机科学与技术,621,13587,本科批,hebut_hebei.xlsx,
河北,2023,物理,电子信息工程,606,13151,本科批,hebut_hebei.xlsx,
河北,2024,物理,电子信息工程,606,12898,本科批,hebut_hebei.xlsx,
河北,2025,物理,电子信息工程,621,13587,本科批,hebut_hebei.xlsx,
河北,2023,物理,人工智能,605,13587,本科批,hebut_hebei.xlsx,
河北,2024,物理,人工智能,605,13385,本科批,hebut_hebei.xlsx,
河北,2025,物理,人工智能,620,14098,本科批,hebut_hebei.xlsx,
河北,2023,物理,数据科学与大数据技术,607,12700,本科批,hebut_hebei.xlsx,
河北,2024,物理,数据科学与大数据技术,605,13385,本科批,hebut_hebei.xlsx,
河北,2025,物理,数据科学与大数据技术,619,14636,本科批,hebut_hebei.xlsx,
河北,2023,物理,电子科学与技术,604,14006,本科批,hebut_hebei.xlsx,
河北,2024,物理,电子科学与技术,604,13836,本科批,hebut_hebei.xlsx,
河北,2025,物理,电子科学与技术,619,14636,本科批,hebut_hebei.xlsx,
河北,2023,物理,自动化,605,13587,本科批,hebut_hebei.xlsx,
河北,2024,物理,自动化,603,14334,本科批,hebut_hebei.xlsx,
河北,2025,物理,自动化,619,14636,本科批,hebut_hebei.xlsx,
河北,2023,物理,法学,609,11883,本科批,hebut_hebei.xlsx,
河北,2024,物理,法学,605,13385,本科批,hebut_hebei.xlsx,
河北,2025,物理,法学,618,15171,本科批,hebut_hebei.xlsx,
河北,2023,物理,通信工程,603,14383,本科批,hebut_hebei.xlsx,
河北,2024,物理,通信工程,603,14334,本科批,hebut_hebei.xlsx,
河北,2025,物理,通信工程,618,15171,本科批,hebut_hebei.xlsx,
河北,2023,物理,光电信息科学与工程,,,本科批,hebut_hebei.xlsx,
河北,2024,物理,光电信息科学与工程,,,本科批,hebut_hebei.xlsx,
河北,2025,物理,光电信息科学与工程,618,15171,本科批,hebut_hebei.xlsx,
河北,2023,物理,物联网工程,603,14383,本科批,hebut_hebei.xlsx,
河北,2024,物理,物联网工程,602,14866,本科批,hebut_hebei.xlsx,
河北,2025,物理,物联网工程,617,15775,本科批,hebut_hebei.xlsx,
河北,2023,物理,机器人工程,,,本科批,hebut_hebei.xlsx,
河北,2024,物理,机器人工程,602,14866,本科批,hebut_hebei.xlsx,
河北,2025,物理,机器人工程,617,15775,本科批,hebut_hebei.xlsx,
河北,2023,物理,智能制造工程,593,18978,本科批,hebut_hebei.xlsx,
河北,2024,物理,智能制造工程,600,15950,本科批,hebut_hebei.xlsx,
河北,2025,物理,智能制造工程,616,16339,本科批,hebut_hebei.xlsx,
河北,2023,物理,机械设计制造及其自动化,596,17507,本科批,hebut_hebei.xlsx,
河北,2024,物理,机械设计制造及其自动化,599,16453,本科批,hebut_hebei.xlsx,
河北,2025,物理,机械设计制造及其自动化,616,16339,本科批,hebut_hebei.xlsx,
河北,2023,物理,新能源科学与工程,599,16135,本科批,hebut_hebei.xlsx,
河北,2024,物理,新能源科学与工程,600,15950,本科批,hebut_hebei.xlsx,
河北,2025,物理,新能源科学与工程,615,16934,本科批,hebut_hebei.xlsx,
河北,2023,物理,机械电子工程,595,18004,本科批,hebut_hebei.xlsx,
河北,2024,物理,机械电子工程,598,16972,本科批,hebut_hebei.xlsx,
河北,2025,物理,机械电子工程,615,16934,本科批,hebut_hebei.xlsx,
河北,2023,物理,能源与动力工程,594,18450,本科批,hebut_hebei.xlsx,
河北,2024,物理,能源与动力工程,597,17561,本科批,hebut_hebei.xlsx,
河北,2025,物理,能源与动力工程,613,18114,本科批,hebut_hebei.xlsx,
河北,2023,物理,车辆工程,593,18978,本科批,hebut_hebei.xlsx,
河北,2024,物理,车辆工程,595,18663,本科批,hebut_hebei.xlsx,
河北,2025,物理,车辆工程,612,18720,本科批,hebut_hebei.xlsx,
河北,2023,物理,测控技术与仪器,586,22825,本科批,hebut_hebei.xlsx,
河北,2024,物理,测控技术与仪器,594,19278,本科批,hebut_hebei.xlsx,
河北,2025,物理,测控技术与仪器,612,18720,本科批,hebut_hebei.xlsx,
河北,2023,物理,电子信息材料,,,本科批,hebut_hebei.xlsx,
河北,2024,物理,电子信息材料,,,本科批,hebut_hebei.xlsx,
河北,2025,物理,电子信息材料,611,19367,本科批,hebut_hebei.xlsx,
河北,2023,物理,储能科学与技术,,,本科批,hebut_hebei.xlsx,
河北,2024,物理,储能科学与技术,594,19278,本科批,hebut_hebei.xlsx,
河北,2025,物理,储能科学与技术,610,20009,本科批,hebut_hebei.xlsx,
河北,2023,物理,会计学,598,16589,本科批,hebut_hebei.xlsx,
河北,2024,物理,会计学,596,18111,本科批,hebut_hebei.xlsx,
河北,2025,物理,会计学,610,20009,本科批,hebut_hebei.xlsx,
河北,2023,物理,应用统计学,597,17039,本科批,hebut_hebei.xlsx,
河北,2024,物理,应用统计学,597,17561,本科批,hebut_hebei.xlsx,
河北,2025,物理,应用统计学,609,20698,本科批,hebut_hebei.xlsx,
河北,2023,物理,大数据管理与应用,,,本科批,hebut_hebei.xlsx,
河北,2024,物理,大数据管理与应用,,,本科批,hebut_hebei.xlsx,
河北,2025,物理,大数据管理与应用,609,20698,本科批,hebut_hebei.xlsx,
河北,2023,物理,应用物理学,593,18978,本科批,hebut_hebei.xlsx,
河北,2024,物理,应用物理学,592,20511,本科批,hebut_hebei.xlsx,
河北,2025,物理,应用物理学,608,21354,本科批,hebut_hebei.xlsx,
河北,2023,物理,工程力学,590,20607,本科批,hebut_hebei.xlsx,
河北,2024,物理,工程力学,592,20511,本科批,hebut_hebei.xlsx,
河北,2025,物理,工程力学,608,21354,本科批,hebut_hebei.xlsx,
河北,2023,物理,新能源材料与器件,,,本科批,hebut_hebei.xlsx,
河北,2024,物理,新能源材料与器件,589,22433,本科批,hebut_hebei.xlsx,
河北,2025,物理,新能源材料与器件,608,21354,本科批,hebut_hebei.xlsx,
河北,2023,物理,数学与应用数学,,,本科批,hebut_hebei.xlsx,
河北,2024,物理,数学与应用数学,,,本科批,hebut_hebei.xlsx,
河北,2025,物理,数学与应用数学,608,21354,本科批,hebut_hebei.xlsx,
河北,2023,物理,生物医学工程,588,21691,本科批,hebut_hebei.xlsx,
河北,2024,物理,生物医学工程,591,21147,本科批,hebut_hebei.xlsx,
河北,2025,物理,生物医学工程,606,22695,本科批,hebut_hebei.xlsx,
河北,2023,物理,智能医学工程,589,21159,本科批,hebut_hebei.xlsx,
河北,2024,物理,智能医学工程,591,21147,本科批,hebut_hebei.xlsx,
河北,2025,物理,智能医学工程,605,23383,本科批,hebut_hebei.xlsx,
河北,2023,物理,过程装备与控制工程,584,23947,本科批,hebut_hebei.xlsx,
河北,2024,物理,过程装备与控制工程,588,23055,本科批,hebut_hebei.xlsx,
河北,2025,物理,过程装备与控制工程,605,23383,本科批,hebut_hebei.xlsx,
河北,2023,物理,英语,599,16135,本科批,hebut_hebei.xlsx,
河北,2024,物理,英语,595,18663,本科批,hebut_hebei.xlsx,
河北,2025,物理,英语,605,23383,本科批,hebut_hebei.xlsx,
河北,2023,物理,高分子材料与工程,586,22825,本科批,hebut_hebei.xlsx,
河北,2024,物理,高分子材料与工程,588,23055,本科批,hebut_hebei.xlsx,
河北,2025,物理,高分子材料与工程,604,24100,本科批,hebut_hebei.xlsx,
河北,2023,物理,材料成型及控制工程,579,26949,本科批,hebut_hebei.xlsx,
河北,2024,物理,材料成型及控制工程,584,25721,本科批,hebut_hebei.xlsx,
河北,2025,物理,材料成型及控制工程,604,24100,本科批,hebut_hebei.xlsx,
河北,2023,物理,交通工程,590,20607,本科批,hebut_hebei.xlsx,
河北,2024,物理,交通工程,591,21147,本科批,hebut_hebei.xlsx,
河北,2025,物理,交通工程,601,26287,本科批,hebut_hebei.xlsx,
河北,2023,物理,金融学,593,18978,本科批,hebut_hebei.xlsx,
河北,2024,物理,金融学,589,22433,本科批,hebut_hebei.xlsx,
河北,2025,物理,金融学,601,26287,本科批,hebut_hebei.xlsx,
河北,2023,物理,制药工程,587,22232,本科批,hebut_hebei.xlsx,
河北,2024,物理,制药工程,588,23055,本科批,hebut_hebei.xlsx,
河北,2025,物理,制药工程,601,26287,本科批,hebut_hebei.xlsx,
河北,2023,物理,工业工程,585,23353,本科批,hebut_hebei.xlsx,
河北,2024,物理,工业工程,584,25721,本科批,hebut_hebei.xlsx,
河北,2025,物理,工业工程,601,26287,本科批,hebut_hebei.xlsx,
河北,2023,物理,金属材料工程（卓越工程师班）,,,本科批,hebut_hebei.xlsx,
河北,2024,物理,金属材料工程（卓越工程师班）,579,29456,本科批,hebut_hebei.xlsx,
河北,2025,物理,金属材料工程（卓越工程师班）,601,26287,本科批,hebut_hebei.xlsx,
河北,2023,物理,汉语国际教育,594,18450,本科批,hebut_hebei.xlsx,
河北,2024,物理,汉语国际教育,591,21147,本科批,hebut_hebei.xlsx,
河北,2025,物理,汉语国际教育,600,27073,本科批,hebut_hebei.xlsx,
河北,2023,物理,无机非金属材料工程,,,本科批,hebut_hebei.xlsx,
河北,2024,物理,无机非金属材料工程,580,28695,本科批,hebut_hebei.xlsx,
河北,2025,物理,无机非金属材料工程,600,27073,本科批,hebut_hebei.xlsx,
河北,2023,物理,化学工程与工艺,580,26321,本科批,hebut_hebei.xlsx,
河北,2024,物理,化学工程与工艺,584,25721,本科批,hebut_hebei.xlsx,
河北,2025,物理,化学工程与工艺,599,27821,本科批,hebut_hebei.xlsx,
河北,2023,物理,法语,585,23353,本科批,hebut_hebei.xlsx,
河北,2024,物理,法语,582,27183,本科批,hebut_hebei.xlsx,
河北,2025,物理,法语,598,28597,本科批,hebut_hebei.xlsx,
河北,2023,物理,生物工程,580,26321,本科批,hebut_hebei.xlsx,
河北,2024,物理,生物工程,582,27183,本科批,hebut_hebei.xlsx,
河北,2025,物理,生物工程,598,28597,本科批,hebut_hebei.xlsx,
河北,2023,物理,工业设计,578,27571,本科批,hebut_hebei.xlsx,
河北,2024,物理,工业设计,578,30257,本科批,hebut_hebei.xlsx,
河北,2025,物理,工业设计,597,29374,本科批,hebut_hebei.xlsx,
河北,2023,物理,公共事业管理,,,本科批,hebut_hebei.xlsx,
河北,2024,物理,公共事业管理,,,本科批,hebut_hebei.xlsx,
河北,2025,物理,公共事业管理,597,29374,本科批,hebut_hebei.xlsx,
河北,2023,物理,应用化学,580,26321,本科批,hebut_hebei.xlsx,
河北,2024,物理,应用化学,583,26440,本科批,hebut_hebei.xlsx,
河北,2025,物理,应用化学,596,30194,本科批,hebut_hebei.xlsx,
河北,2023,物理,工商管理,582,25093,本科批,hebut_hebei.xlsx,
河北,2024,物理,工商管理,580,28695,本科批,hebut_hebei.xlsx,
河北,2025,物理,工商管理,595,30996,本科批,hebut_hebei.xlsx,
河北,2023,物理,环境工程,572,31495,本科批,hebut_hebei.xlsx,
河北,2024,物理,环境工程,576,31850,本科批,hebut_hebei.xlsx,
河北,2025,物理,环境工程,595,30996,本科批,hebut_hebei.xlsx,
河北,2023,物理,日语,588,21691,本科批,hebut_hebei.xlsx,
河北,2024,物理,日语,569,37617,本科批,hebut_hebei.xlsx,
河北,2025,物理,日语,595,30996,本科批,hebut_hebei.xlsx,
河北,2023,物理,智能建造,589,21159,本科批,hebut_hebei.xlsx,
河北,2024,物理,智能建造,582,27183,本科批,hebut_hebei.xlsx,
河北,2025,物理,智能建造,594,31807,本科批,hebut_hebei.xlsx,
河北,2023,物理,建筑环境与能源应用工程,576,28891,本科批,hebut_hebei.xlsx,
河北,2024,物理,建筑环境与能源应用工程,576,31850,本科批,hebut_hebei.xlsx,
河北,2025,物理,建筑环境与能源应用工程,593,32692,本科批,hebut_hebei.xlsx,
河北,2023,物理,海洋技术,573,30842,本科批,hebut_hebei.xlsx,
河北,2024,物理,海洋技术,574,33476,本科批,hebut_hebei.xlsx,
河北,2025,物理,海洋技术,593,32692,本科批,hebut_hebei.xlsx,
河北,2023,物理,土木工程,575,29516,本科批,hebut_hebei.xlsx,
河北,2024,物理,土木工程,571,35924,本科批,hebut_hebei.xlsx,
河北,2025,物理,土木工程,593,32692,本科批,hebut_hebei.xlsx,
河北,2023,物理,工程管理,579,26949,本科批,hebut_hebei.xlsx,
河北,2024,物理,工程管理,573,34252,本科批,hebut_hebei.xlsx,
河北,2025,物理,工程管理,592,33539,本科批,hebut_hebei.xlsx,
河北,2023,物理,给排水科学与工程,576,28891,本科批,hebut_hebei.xlsx,
河北,2024,物理,给排水科学与工程,576,31850,本科批,hebut_hebei.xlsx,
河北,2025,物理,给排水科学与工程,590,35284,本科批,hebut_hebei.xlsx,
河北,2023,物理,土木工程（卓越工程师班）,589,21159,本科批,hebut_hebei.xlsx,
河北,2024,物理,土木工程（卓越工程师班）,577,31080,本科批,hebut_hebei.xlsx,
河北,2025,物理,土木工程（卓越工程师班）,589,36180,本科批,hebut_hebei.xlsx,
河北,2023,物理,建筑学,580,26321,本科批,hebut_hebei.xlsx,
河北,2024,物理,建筑学,568,38490,本科批,hebut_hebei.xlsx,
河北,2025,物理,建筑学,588,37123,本科批,hebut_hebei.xlsx,
河北,2023,物理,物联网工程（中外合作办学）,551,47295,本科批,hebut_hebei.xlsx,
河北,2024,物理,物联网工程（中外合作办学）,562,44007,本科批,hebut_hebei.xlsx,
河北,2025,物理,物联网工程（中外合作办学）,575,50224,本科批,hebut_hebei.xlsx,
河北,2023,物理,环境工程（中外合作办学）,550,48177,本科批,hebut_hebei.xlsx,
河北,2024,物理,环境工程（中外合作办学）,556,49791,本科批,hebut_hebei.xlsx,
河北,2025,物理,环境工程（中外合作办学）,573,52384,本科批,hebut_hebei.xlsx,
河北,2023,物理,电气工程及其自动化（芬兰校区）,540,56917,本科批,hebut_hebei.xlsx,
河北,2024,物理,电气工程及其自动化（芬兰校区）,553,52953,本科批,hebut_hebei.xlsx,
河北,2025,物理,电气工程及其自动化（芬兰校区）,569,56852,本科批,hebut_hebei.xlsx,
河北,2023,物理,计算机科学与技术（芬兰校区）,550,48177,本科批,hebut_hebei.xlsx,
河北,2024,物理,计算机科学与技术（芬兰校区）,558,47783,本科批,hebut_hebei.xlsx,
河北,2025,物理,计算机科学与技术（芬兰校区）,567,59117,本科批,hebut_hebei.xlsx,
河北,2023,物理,机械设计制造及其自动化（芬兰校区）,532,64617,本科批,hebut_hebei.xlsx,
河北,2024,物理,机械设计制造及其自动化（芬兰校区）,546,60449,本科批,hebut_hebei.xlsx,
河北,2025,物理,机械设计制造及其自动化（芬兰校区）,560,67726,本科批,hebut_hebei.xlsx,
河北,2023,物理,能源与动力工程（芬兰校区）,531,65566,本科批,hebut_hebei.xlsx,
河北,2024,物理,能源与动力工程（芬兰校区）,546,60449,本科批,hebut_hebei.xlsx,
河北,2025,物理,能源与动力工程（芬兰校区）,554,75607,本科批,hebut_hebei.xlsx,
河北,2023,不限,设计学类,587.6,808,本科批,hebut_hebei.xlsx,
河北,2024,不限,设计学类,552.25,871,本科批,hebut_hebei.xlsx,
河北,2025,不限,设计学类,553.25,826,本科批,hebut_hebei.xlsx,
河北,2023,历史,国家专项,573,6319,本科批,hebut_hebei.xlsx,
河北,2024,历史,国家专项,591,5803,本科批,hebut_hebei.xlsx,
河北,2025,历史,国家专项,600,6004,本科批,hebut_hebei.xlsx,
河北,2023,物理,国家专项,571,32135,本科批,hebut_hebei.xlsx,
河北,2024,物理,国家专项,578,30257,本科批,hebut_hebei.xlsx,
河北,2025,物理,国家专项,592,33539,本科批,hebut_hebei.xlsx,
河北,2023,历史,地方专项,551,10978,本科批,hebut_hebei.xlsx,
河北,2024,历史,地方专项,580,7940,本科批,hebut_hebei.xlsx,
河北,2025,历史,地方专项,600,6004,本科批,hebut_hebei.xlsx,
河北,2023,物理,地方专项,566,35627,本科批,hebut_hebei.xlsx,
河北,2024,物理,地方专项,565,41291,本科批,hebut_hebei.xlsx,
河北,2025,物理,地方专项,588,37123,本科批,hebut_hebei.xlsx,
河北,2023,历史,民族预科,565,7770,本科批,hebut_hebei.xlsx,
河北,2024,历史,民族预科,578,8380,本科批,hebut_hebei.xlsx,
河北,2025,历史,民族预科,589,8746,本科批,hebut_hebei.xlsx,
河北,2023,物理,民族预科,565,36315,本科批,hebut_hebei.xlsx,
河北,2024,物理,民族预科,567,39432,本科批,hebut_hebei.xlsx,
河北,2025,物理,民族预科,585,39881,本科批,hebut_hebei.xlsx,
河北,2023,物理,软件工程,607,12700,本科批,hebut_hebei.xlsx,
河北,2024,物理,软件工程,606,12898,本科批,hebut_hebei.xlsx,
河北,2025,物理,软件工程,,,本科批,hebut_hebei.xlsx,
河北,2023,物理,安全工程,576,28891,本科批,hebut_hebei.xlsx,
河北,2024,物理,安全工程,574,33476,本科批,hebut_hebei.xlsx,
河北,2025,物理,安全工程,,,本科批,hebut_hebei.xlsx,
河北,2023,物理,道路桥梁与渡河工程,573,30842,本科批,hebut_hebei.xlsx,
河北,2024,物理,道路桥梁与渡河工程,574,33476,本科批,hebut_hebei.xlsx,
河北,2025,物理,道路桥梁与渡河工程,,,本科批,hebut_hebei.xlsx,
河北,2023,物理,环保设备工程,567,34910,本科批,hebut_hebei.xlsx,
河北,2024,物理,环保设备工程,574,33476,本科批,hebut_hebei.xlsx,
河北,2025,物理,环保设备工程,,,本科批,hebut_hebei.xlsx,
河北,2023,物理,城乡规划,562,38600,本科批,hebut_hebei.xlsx,
河北,2024,物理,城乡规划,570,36748,本科批,hebut_hebei.xlsx,
河北,2025,物理,城乡规划,,,本科批,hebut_hebei.xlsx,
河北,2023,物理,经济学,591,20057,本科批,hebut_hebei.xlsx,
河北,2024,物理,经济学,,,本科批,hebut_hebei.xlsx,
河北,2025,物理,经济学,,,本科批,hebut_hebei.xlsx,
河北,2023,物理,数学类,596,17507,本科批,hebut_hebei.xlsx,
河北,2024,物理,数学类,595,18663,本科批,hebut_hebei.xlsx,
河北,2025,物理,数学类,,,本科批,hebut_hebei.xlsx,
河北,2023,物理,公共管理类,590,20607,本科批,hebut_hebei.xlsx,
河北,2024,物理,公共管理类,592,20511,本科批,hebut_hebei.xlsx,
河北,2025,物理,公共管理类,,,本科批,hebut_hebei.xlsx,
河北,2023,物理,材料类,575,29516,本科批,hebut_hebei.xlsx,
河北,2024,物理,材料类,,,本科批,hebut_hebei.xlsx,
河北,2025,物理,材料类,,,本科批,hebut_hebei.xlsx,
天津,2023,综合改革,电气工程及其自动化（卓越工程师班）,,,本科批,hebut_tianjin.xlsx,
天津,2024,综合改革,电气工程及其自动化（卓越工程师班）,,,本科批,hebut_tianjin.xlsx,
天津,2025,综合改革,电气工程及其自动化（卓越工程师班）,643,4451,本科批,hebut_tianjin.xlsx,
天津,2023,综合改革,电气工程及其自动化,638,5290,本科批,hebut_tianjin.xlsx,
天津,2024,综合改革,电气工程及其自动化,634,4809,本科批,hebut_tianjin.xlsx,
天津,2025,综合改革,电气工程及其自动化,636,5535,本科批,hebut_tianjin.xlsx,
天津,2023,综合改革,电子科学与技术（卓越工程师班集成电路方向）,636,5599,本科批,hebut_tianjin.xlsx,
天津,2024,综合改革,电子科学与技术（卓越工程师班集成电路方向）,630,5451,本科批,hebut_tianjin.xlsx,
天津,2025,综合改革,电子科学与技术（卓越工程师班集成电路方向）,634,5859,本科批,hebut_tianjin.xlsx,
天津,2023,综合改革,自动化,630,6632,本科批,hebut_tianjin.xlsx,
天津,2024,综合改革,自动化,628,5851,本科批,hebut_tianjin.xlsx,
天津,2025,综合改革,自动化,633,6023,本科批,hebut_tianjin.xlsx,
天津,2023,综合改革,计算机科学与技术,634,5948,本科批,hebut_tianjin.xlsx,
天津,2024,综合改革,计算机科学与技术,628,5851,本科批,hebut_tianjin.xlsx,
天津,2025,综合改革,计算机科学与技术,631,6375,本科批,hebut_tianjin.xlsx,
天津,2023,综合改革,电子信息工程（人工智能新工科试点班）,637,5444,本科批,hebut_tianjin.xlsx,
天津,2024,综合改革,电子信息工程（人工智能新工科试点班）,632,5144,本科批,hebut_tianjin.xlsx,
天津,2025,综合改革,电子信息工程（人工智能新工科试点班）,630,6564,本科批,hebut_tianjin.xlsx,
天津,2023,综合改革,电子科学与技术,629,6809,本科批,hebut_tianjin.xlsx,
天津,2024,综合改革,电子科学与技术,626,6258,本科批,hebut_tianjin.xlsx,
天津,2025,综合改革,电子科学与技术,629,6772,本科批,hebut_tianjin.xlsx,
天津,2023,综合改革,电子信息工程,635,5753,本科批,hebut_tianjin.xlsx,
天津,2024,综合改革,电子信息工程,629,5647,本科批,hebut_tianjin.xlsx,
天津,2025,综合改革,电子信息工程,629,6772,本科批,hebut_tianjin.xlsx,
天津,2023,综合改革,机械电子工程,625,7513,本科批,hebut_tianjin.xlsx,
天津,2024,综合改革,机械电子工程,623,6808,本科批,hebut_tianjin.xlsx,
天津,2025,综合改革,机械电子工程,629,6772,本科批,hebut_tianjin.xlsx,
天津,2023,综合改革,数据科学与大数据技术,633,6137,本科批,hebut_tianjin.xlsx,
天津,2024,综合改革,数据科学与大数据技术,627,6046,本科批,hebut_tianjin.xlsx,
天津,2025,综合改革,数据科学与大数据技术,629,6772,本科批,hebut_tianjin.xlsx,
天津,2023,综合改革,机械设计制造及其自动化,626,7340,本科批,hebut_tianjin.xlsx,
天津,2024,综合改革,机械设计制造及其自动化,624,6629,本科批,hebut_tianjin.xlsx,
天津,2025,综合改革,机械设计制造及其自动化,628,6950,本科批,hebut_tianjin.xlsx,
天津,2023,综合改革,测控技术与仪器,624,7690,本科批,hebut_tianjin.xlsx,
天津,2024,综合改革,测控技术与仪器,621,7197,本科批,hebut_tianjin.xlsx,
天津,2025,综合改革,测控技术与仪器,627,7161,本科批,hebut_tianjin.xlsx,
天津,2023,综合改革,人工智能,629,6809,本科批,hebut_tianjin.xlsx,
天津,2024,综合改革,人工智能,626,6258,本科批,hebut_tianjin.xlsx,
天津,2025,综合改革,人工智能,627,7161,本科批,hebut_tianjin.xlsx,
天津,2023,综合改革,通信工程,630,6632,本科批,hebut_tianjin.xlsx,
天津,2024,综合改革,通信工程,625,6455,本科批,hebut_tianjin.xlsx,
天津,2025,综合改革,通信工程,627,7161,本科批,hebut_tianjin.xlsx,
天津,2023,综合改革,能源与动力工程,625,7513,本科批,hebut_tianjin.xlsx,
天津,2024,综合改革,能源与动力工程,621,7197,本科批,hebut_tianjin.xlsx,
天津,2025,综合改革,能源与动力工程,626,7354,本科批,hebut_tianjin.xlsx,
天津,2023,综合改革,新能源科学与工程,627,7157,本科批,hebut_tianjin.xlsx,
天津,2024,综合改革,新能源科学与工程,624,6629,本科批,hebut_tianjin.xlsx,
天津,2025,综合改革,新能源科学与工程,625,7531,本科批,hebut_tianjin.xlsx,
天津,2023,综合改革,车辆工程,623,7894,本科批,hebut_tianjin.xlsx,
天津,2024,综合改革,车辆工程,619,7577,本科批,hebut_tianjin.xlsx,
天津,2025,综合改革,车辆工程,624,7725,本科批,hebut_tianjin.xlsx,
天津,2023,综合改革,智能制造工程,625,7513,本科批,hebut_tianjin.xlsx,
天津,2024,综合改革,智能制造工程,618,7777,本科批,hebut_tianjin.xlsx,
天津,2025,综合改革,智能制造工程,624,7725,本科批,hebut_tianjin.xlsx,
天津,2023,综合改革,光电信息科学与工程,,,本科批,hebut_tianjin.xlsx,
天津,2024,综合改革,光电信息科学与工程,,,本科批,hebut_tianjin.xlsx,
天津,2025,综合改革,光电信息科学与工程,624,7725,本科批,hebut_tianjin.xlsx,
天津,2023,综合改革,机器人工程,,,本科批,hebut_tianjin.xlsx,
天津,2024,综合改革,机器人工程,618,7777,本科批,hebut_tianjin.xlsx,
天津,2025,综合改革,机器人工程,623,7919,本科批,hebut_tianjin.xlsx,
天津,2023,综合改革,思想政治教育,628,6992,本科批,hebut_tianjin.xlsx,
天津,2024,综合改革,思想政治教育,621,7197,本科批,hebut_tianjin.xlsx,
天津,2025,综合改革,思想政治教育,623,7919,本科批,hebut_tianjin.xlsx,
天津,2023,综合改革,储能科学与工程,,,本科批,hebut_tianjin.xlsx,
天津,2024,综合改革,储能科学与工程,619,7577,本科批,hebut_tianjin.xlsx,
天津,2025,综合改革,储能科学与工程,622,8141,本科批,hebut_tianjin.xlsx,
天津,2023,综合改革,物联网工程,629,6809,本科批,hebut_tianjin.xlsx,
天津,2024,综合改革,物联网工程,624,6629,本科批,hebut_tianjin.xlsx,
天津,2025,综合改革,物联网工程,622,8141,本科批,hebut_tianjin.xlsx,
天津,2023,综合改革,应用统计学,625,7513,本科批,hebut_tianjin.xlsx,
天津,2024,综合改革,应用统计学,621,7197,本科批,hebut_tianjin.xlsx,
天津,2025,综合改革,应用统计学,621,8339,本科批,hebut_tianjin.xlsx,
天津,2023,综合改革,法学,632,6310,本科批,hebut_tianjin.xlsx,
天津,2024,综合改革,法学,628,5851,本科批,hebut_tianjin.xlsx,
天津,2025,综合改革,法学,620,8532,本科批,hebut_tianjin.xlsx,
天津,2023,综合改革,工程力学,622,8085,本科批,hebut_tianjin.xlsx,
天津,2024,综合改革,工程力学,617,7977,本科批,hebut_tianjin.xlsx,
天津,2025,综合改革,工程力学,620,8532,本科批,hebut_tianjin.xlsx,
天津,2023,综合改革,新能源材料与器件,,,本科批,hebut_tianjin.xlsx,
天津,2024,综合改革,新能源材料与器件,611,9268,本科批,hebut_tianjin.xlsx,
天津,2025,综合改革,新能源材料与器件,620,8532,本科批,hebut_tianjin.xlsx,
天津,2023,综合改革,应用物理学,623,7894,本科批,hebut_tianjin.xlsx,
天津,2024,综合改革,应用物理学,613,8821,本科批,hebut_tianjin.xlsx,
天津,2025,综合改革,应用物理学,620,8532,本科批,hebut_tianjin.xlsx,
天津,2023,综合改革,智能医学工程,621,8264,本科批,hebut_tianjin.xlsx,
天津,2024,综合改革,智能医学工程,617,7977,本科批,hebut_tianjin.xlsx,
天津,2025,综合改革,智能医学工程,620,8532,本科批,hebut_tianjin.xlsx,
天津,2023,综合改革,电子信息材料,,,本科批,hebut_tianjin.xlsx,
天津,2024,综合改革,电子信息材料,,,本科批,hebut_tianjin.xlsx,
天津,2025,综合改革,电子信息材料,620,8532,本科批,hebut_tianjin.xlsx,
天津,2023,综合改革,数学与应用数学,,,本科批,hebut_tianjin.xlsx,
天津,2024,综合改革,数学与应用数学,,,本科批,hebut_tianjin.xlsx,
天津,2025,综合改革,数学与应用数学,620,8532,本科批,hebut_tianjin.xlsx,
天津,2023,综合改革,高分子材料与工程,621,8264,本科批,hebut_tianjin.xlsx,
天津,2024,综合改革,高分子材料与工程,612,9039,本科批,hebut_tianjin.xlsx,
天津,2025,综合改革,高分子材料与工程,619,8745,本科批,hebut_tianjin.xlsx,
天津,2023,综合改革,给排水科学与工程,620,8448,本科批,hebut_tianjin.xlsx,
天津,2024,综合改革,给排水科学与工程,611,9268,本科批,hebut_tianjin.xlsx,
天津,2025,综合改革,给排水科学与工程,619,8745,本科批,hebut_tianjin.xlsx,
天津,2023,综合改革,材料成型及控制工程,619,8656,本科批,hebut_tianjin.xlsx,
天津,2024,综合改革,材料成型及控制工程,617,7977,本科批,hebut_tianjin.xlsx,
天津,2025,综合改革,材料成型及控制工程,618,8963,本科批,hebut_tianjin.xlsx,
天津,2023,综合改革,建筑环境与能源应用工程,620,8448,本科批,hebut_tianjin.xlsx,
天津,2024,综合改革,建筑环境与能源应用工程,612,9039,本科批,hebut_tianjin.xlsx,
天津,2025,综合改革,建筑环境与能源应用工程,618,8963,本科批,hebut_tianjin.xlsx,
天津,2023,综合改革,交通工程,620,8448,本科批,hebut_tianjin.xlsx,
天津,2024,综合改革,交通工程,613,8821,本科批,hebut_tianjin.xlsx,
天津,2025,综合改革,交通工程,618,8963,本科批,hebut_tianjin.xlsx,
天津,2023,综合改革,金属材料工程（卓越工程师班）,,,本科批,hebut_tianjin.xlsx,
天津,2024,综合改革,金属材料工程（卓越工程师班）,613,8821,本科批,hebut_tianjin.xlsx,
天津,2025,综合改革,金属材料工程（卓越工程师班）,618,8963,本科批,hebut_tianjin.xlsx,
天津,2023,综合改革,土木工程,619,8656,本科批,hebut_tianjin.xlsx,
天津,2024,综合改革,土木工程,614,8610,本科批,hebut_tianjin.xlsx,
天津,2025,综合改革,土木工程,618,8963,本科批,hebut_tianjin.xlsx,
天津,2023,综合改革,土木工程（卓越工程师班）,619,8656,本科批,hebut_tianjin.xlsx,
天津,2024,综合改革,土木工程（卓越工程师班）,617,7977,本科批,hebut_tianjin.xlsx,
天津,2025,综合改革,土木工程（卓越工程师班）,618,8963,本科批,hebut_tianjin.xlsx,
天津,2023,综合改革,工业设计,619,8656,本科批,hebut_tianjin.xlsx,
天津,2024,综合改革,工业设计,615,8391,本科批,hebut_tianjin.xlsx,
天津,2025,综合改革,工业设计,617,9165,本科批,hebut_tianjin.xlsx,
天津,2023,综合改革,过程装备与控制工程,620,8448,本科批,hebut_tianjin.xlsx,
天津,2024,综合改革,过程装备与控制工程,611,9268,本科批,hebut_tianjin.xlsx,
天津,2025,综合改革,过程装备与控制工程,617,9165,本科批,hebut_tianjin.xlsx,
天津,2023,综合改革,应用化学,618,8852,本科批,hebut_tianjin.xlsx,
天津,2024,综合改革,应用化学,611,9268,本科批,hebut_tianjin.xlsx,
天津,2025,综合改革,应用化学,617,9165,本科批,hebut_tianjin.xlsx,
天津,2023,综合改革,智能建造,621,8264,本科批,hebut_tianjin.xlsx,
天津,2024,综合改革,智能建造,610,9504,本科批,hebut_tianjin.xlsx,
天津,2025,综合改革,智能建造,617,9165,本科批,hebut_tianjin.xlsx,
天津,2023,综合改革,化学工程与工艺,614,9671,本科批,hebut_tianjin.xlsx,
天津,2024,综合改革,化学工程与工艺,610,9504,本科批,hebut_tianjin.xlsx,
天津,2025,综合改革,化学工程与工艺,616,9379,本科批,hebut_tianjin.xlsx,
天津,2023,综合改革,大数据管理与应用,,,本科批,hebut_tianjin.xlsx,
天津,2024,综合改革,大数据管理与应用,,,本科批,hebut_tianjin.xlsx,
天津,2025,综合改革,大数据管理与应用,614,9791,本科批,hebut_tianjin.xlsx,
天津,2023,综合改革,海洋技术,612,10093,本科批,hebut_tianjin.xlsx,
天津,2024,综合改革,海洋技术,607,10160,本科批,hebut_tianjin.xlsx,
天津,2025,综合改革,海洋技术,614,9791,本科批,hebut_tianjin.xlsx,
天津,2023,综合改革,会计学,627,7157,本科批,hebut_tianjin.xlsx,
天津,2024,综合改革,会计学,619,7577,本科批,hebut_tianjin.xlsx,
天津,2025,综合改革,会计学,614,9791,本科批,hebut_tianjin.xlsx,
天津,2023,综合改革,无机非金属材料工程,,,本科批,hebut_tianjin.xlsx,
天津,2024,综合改革,无机非金属材料工程,609,9715,本科批,hebut_tianjin.xlsx,
天津,2025,综合改革,无机非金属材料工程,614,9791,本科批,hebut_tianjin.xlsx,
天津,2023,综合改革,环境工程,613,9863,本科批,hebut_tianjin.xlsx,
天津,2024,综合改革,环境工程,608,9938,本科批,hebut_tianjin.xlsx,
天津,2025,综合改革,环境工程,613,10009,本科批,hebut_tianjin.xlsx,
天津,2023,综合改革,金融学,620,8448,本科批,hebut_tianjin.xlsx,
天津,2024,综合改革,金融学,614,8610,本科批,hebut_tianjin.xlsx,
天津,2025,综合改革,金融学,613,10009,本科批,hebut_tianjin.xlsx,
天津,2023,综合改革,生物工程,619,8656,本科批,hebut_tianjin.xlsx,
天津,2024,综合改革,生物工程,610,9504,本科批,hebut_tianjin.xlsx,
天津,2025,综合改革,生物工程,613,10009,本科批,hebut_tianjin.xlsx,
天津,2023,综合改革,生物医学工程,618,8852,本科批,hebut_tianjin.xlsx,
天津,2024,综合改革,生物医学工程,610,9504,本科批,hebut_tianjin.xlsx,
天津,2025,综合改革,生物医学工程,613,10009,本科批,hebut_tianjin.xlsx,
天津,2023,综合改革,制药工程,616,9256,本科批,hebut_tianjin.xlsx,
天津,2024,综合改革,制药工程,610,9504,本科批,hebut_tianjin.xlsx,
天津,2025,综合改革,制药工程,613,10009,本科批,hebut_tianjin.xlsx,
天津,2023,综合改革,工商管理,620,8448,本科批,hebut_tianjin.xlsx,
天津,2024,综合改革,工商管理,611,9268,本科批,hebut_tianjin.xlsx,
天津,2025,综合改革,工商管理,611,10462,本科批,hebut_tianjin.xlsx,
天津,2023,综合改革,物联网工程（中外合作办学）,613,9863,本科批,hebut_tianjin.xlsx,
天津,2024,综合改革,物联网工程（中外合作办学）,610,9504,本科批,hebut_tianjin.xlsx,
天津,2025,综合改革,物联网工程（中外合作办学）,611,10462,本科批,hebut_tianjin.xlsx,
天津,2023,综合改革,工程管理,619,8656,本科批,hebut_tianjin.xlsx,
天津,2024,综合改革,工程管理,611,9268,本科批,hebut_tianjin.xlsx,
天津,2025,综合改革,工程管理,610,10681,本科批,hebut_tianjin.xlsx,
天津,2023,综合改革,工业工程,621,8264,本科批,hebut_tianjin.xlsx,
天津,2024,综合改革,工业工程,612,9039,本科批,hebut_tianjin.xlsx,
天津,2025,综合改革,工业工程,610,10681,本科批,hebut_tianjin.xlsx,
天津,2023,综合改革,汉语国际教育,617,9046,本科批,hebut_tianjin.xlsx,
天津,2024,综合改革,汉语国际教育,616,8193,本科批,hebut_tianjin.xlsx,
天津,2025,综合改革,汉语国际教育,610,10681,本科批,hebut_tianjin.xlsx,
天津,2023,综合改革,建筑学,614,9671,本科批,hebut_tianjin.xlsx,
天津,2024,综合改革,建筑学,604,10828,本科批,hebut_tianjin.xlsx,
天津,2025,综合改革,建筑学,609,10891,本科批,hebut_tianjin.xlsx,
天津,2023,综合改革,英语,609,10703,本科批,hebut_tianjin.xlsx,
天津,2024,综合改革,英语,610,9504,本科批,hebut_tianjin.xlsx,
天津,2025,综合改革,英语,608,11105,本科批,hebut_tianjin.xlsx,
天津,2023,综合改革,电气工程及其自动化（芬兰校区）,602,12191,本科批,hebut_tianjin.xlsx,
天津,2024,综合改革,电气工程及其自动化（芬兰校区）,602,11304,本科批,hebut_tianjin.xlsx,
天津,2025,综合改革,电气工程及其自动化（芬兰校区）,606,11588,本科批,hebut_tianjin.xlsx,
天津,2023,综合改革,环境工程（中外合作办学）,603,11949,本科批,hebut_tianjin.xlsx,
天津,2024,综合改革,环境工程（中外合作办学）,595,12966,本科批,hebut_tianjin.xlsx,
天津,2025,综合改革,环境工程（中外合作办学）,605,11793,本科批,hebut_tianjin.xlsx,
天津,2023,综合改革,日语,608,10898,本科批,hebut_tianjin.xlsx,
天津,2024,综合改革,日语,607,10160,本科批,hebut_tianjin.xlsx,
天津,2025,综合改革,日语,605,11793,本科批,hebut_tianjin.xlsx,
天津,2023,综合改革,公共事业管理,,,本科批,hebut_tianjin.xlsx,
天津,2024,综合改革,公共事业管理,,,本科批,hebut_tianjin.xlsx,
天津,2025,综合改革,公共事业管理,604,12046,本科批,hebut_tianjin.xlsx,
天津,2023,综合改革,法语,606,11323,本科批,hebut_tianjin.xlsx,
天津,2024,综合改革,法语,608,9938,本科批,hebut_tianjin.xlsx,
天津,2025,综合改革,法语,604,12046,本科批,hebut_tianjin.xlsx,
天津,2023,综合改革,计算机科学与技术（芬兰校区）,605,11545,本科批,hebut_tianjin.xlsx,
天津,2024,综合改革,计算机科学与技术（芬兰校区）,603,11067,本科批,hebut_tianjin.xlsx,
天津,2025,综合改革,计算机科学与技术（芬兰校区）,603,12295,本科批,hebut_tianjin.xlsx,
天津,2023,综合改革,机械设计制造及其自动化（芬兰校区）,599,12824,本科批,hebut_tianjin.xlsx,
天津,2024,综合改革,机械设计制造及其自动化（芬兰校区）,595,12966,本科批,hebut_tianjin.xlsx,
天津,2025,综合改革,机械设计制造及其自动化（芬兰校区）,599,13198,本科批,hebut_tianjin.xlsx,
天津,2023,综合改革,能源与动力工程（芬兰校区）,598,13028,本科批,hebut_tianjin.xlsx,
天津,2024,综合改革,能源与动力工程（芬兰校区）,595,12966,本科批,hebut_tianjin.xlsx,
天津,2025,综合改革,能源与动力工程（芬兰校区）,597,13657,本科批,hebut_tianjin.xlsx,
天津,2023,综合改革,设计学类,597,205,本科批,hebut_tianjin.xlsx,
天津,2024,综合改革,设计学类,588.5,179,本科批,hebut_tianjin.xlsx,
天津,2025,综合改革,设计学类,590,174,本科批,hebut_tianjin.xlsx,
天津,2023,综合改革,数学类,627,7157,本科批,hebut_tianjin.xlsx,
天津,2024,综合改革,数学类,622,7001,本科批,hebut_tianjin.xlsx,
天津,2025,综合改革,数学类,,,本科批,hebut_tianjin.xlsx,
天津,2023,综合改革,材料类,620,8448,本科批,hebut_tianjin.xlsx,
天津,2024,综合改革,材料类,,,本科批,hebut_tianjin.xlsx,
天津,2025,综合改革,材料类,,,本科批,hebut_tianjin.xlsx,
天津,2023,综合改革,公共管理类,606,11323,本科批,hebut_tianjin.xlsx,
天津,2024,综合改革,公共管理类,609,9715,本科批,hebut_tianjin.xlsx,
天津,2025,综合改革,公共管理类,,,本科批,hebut_tianjin.xlsx,
天津,2023,综合改革,安全工程,620,8448,本科批,hebut_tianjin.xlsx,
天津,2024,综合改革,安全工程,608,9938,本科批,hebut_tianjin.xlsx,
天津,2025,综合改革,安全工程,,,本科批,hebut_tianjin.xlsx,
天津,2023,综合改革,城乡规划,611,10297,本科批,hebut_tianjin.xlsx,
天津,2024,综合改革,城乡规划,602,11304,本科批,hebut_tianjin.xlsx,
天津,2025,综合改革,城乡规划,,,本科批,hebut_tianjin.xlsx,
天津,2023,综合改革,道路桥梁与渡河工程,623,7894,本科批,hebut_tianjin.xlsx,
天津,2024,综合改革,道路桥梁与渡河工程,610,9504,本科批,hebut_tianjin.xlsx,
天津,2025,综合改革,道路桥梁与渡河工程,,,本科批,hebut_tianjin.xlsx,
天津,2023,综合改革,环保设备工程,611,10297,本科批,hebut_tianjin.xlsx,
天津,2024,综合改革,环保设备工程,611,9268,本科批,hebut_tianjin.xlsx,
天津,2025,综合改革,环保设备工程,,,本科批,hebut_tianjin.xlsx,
天津,2023,综合改革,经济学,622,8085,本科批,hebut_tianjin.xlsx,
天津,2024,综合改革,经济学,,,本科批,hebut_tianjin.xlsx,
天津,2025,综合改革,经济学,,,本科批,hebut_tianjin.xlsx,
天津,2023,综合改革,软件工程,631,6479,本科批,hebut_tianjin.xlsx,
天津,2024,综合改革,软件工程,625,6455,本科批,hebut_tianjin.xlsx,
天津,2025,综合改革,软件工程,,,本科批,hebut_tianjin.xlsx,
天津,2023,综合改革,自动化（机器人智能试点班）,630,6632,本科批,hebut_tianjin.xlsx,
天津,2024,综合改革,自动化（机器人智能试点班）,,,本科批,hebut_tianjin.xlsx,
天津,2025,综合改革,自动化（机器人智能试点班）,,,本科批,hebut_tianjin.xlsx,
